server;disk;compiler
-0,5347660000000012;4,337025;21,852267
2,0063470000000017;3,265667;29,92914
1,5725150000000028;2,615761;25,433683
1,4643450000000016;2,355572;28,865481
1,6696559999999996;2,46464;1,251631
-0,2661830000000016;4,44121;30,907132
3,2855400000000046;2,295644;28,484118
0,09669999999999845;3,236557;28,743216
1,3599959999999989;2,964586;28,632016
-0,09854100000000088;4,093152;29,252097
1,024288000000002;3,999049;26,240743
1,849979999999995;3,073813;27,251404
-0,8284389999999995;5,826025;28,922946
3,5899569999999983;3,139151;26,727522
0,6579049999999995;3,306203;26,222161
1,6039580000000022;3,58849;28,390826
2,367940000000001;3,093331;29,649064
1,3266419999999997;3,195001;27,067805
1,3709210000000027;3,297827;26,948493
2,397623999999997;2,820284;26,084323
0,5637730000000012;3,227975;26,549131
0,8914690000000007;3,193789;26,153908
0,09817199999999815;3,977567;26,652349
1,8271639999999998;3,25036;26,87912
1,2598400000000005;3,097603;27,162253
0,9211030000000022;3,008601;26,769173
-0,15707699999999747;4,272541;26,860725
2,1367660000000015;3,002896;28,073479
1,3981650000000023;2,708101;28,425639
0,9113129999999998;2,738774;25,518664
1,4435810000000018;2,252364;25,876033
-0,8264150000000008;4,546229;26,614475
1,4859469999999995;4,066277;27,270365
2,833278;2,70751;28,63821
0,6053890000000024;3,023618;25,536621
0,10079299999999947;4,67464;28,386581
3,168143999999998;2,664458;25,801313
-0,6076210000000017;4,340938;27,076122
2,0163740000000026;3,443356;31,972208
1,3467230000000008;3,290644;26,127295
2,017837;3,287907;18,804106
1,4148589999999963;3,1887;29,518481
1,3662479999999952;3,954049;29,459941
1,9946710000000039;3,514887;25,800976
1,6042099999999984;2,851875;27,756573
1,3015810000000023;2,901725;22,730815
0,5997160000000008;3,089213;25,463357
0,19019899999999978;4,123315;27,586557
1,5346980000000023;3,582803;28,327943
1,6611909999999988;2,755266;28,784688
-0,32583999999999946;4,107996;29,064301
1,1438240000000022;3,856352;29,455945
0,9795500000000015;3,615989;13,618532
1,2118780000000022;3,530458;27,834773
1,7204470000000036;2,878819;31,507215
0,17660300000000007;4,00929;25,739915
2,502561;2,478874;28,202904
-0,11373100000000136;3,354852;32,665658
1,0822730000000007;2,337251;18,195456
-0,9825260000000036;4,240881;29,663605
2,4805730000000032;2,672112;27,527967
1,2349410000000027;2,383884;26,779659
1,0435300000000005;2,842778;26,1931
0,8017290000000017;2,947787;28,625099
1,0331019999999995;3,04015;26,51351
0,7842479999999981;3,2836;26,875374
0,5513380000000012;4,411949;28,465311
1,0562359999999995;31,866735;1,753388
29,826048;2,984158;29,351821
2,327377999999996;2,847096;32,219489
0,7105490000000003;3,007021;27,182212
0,913883000000002;3,005616;27,56027
1,3702790000000036;2,707627;30,628356
-0,48467700000000136;4,384761;22,998166
1,7816189999999992;3,484009;26,706292
0,026686999999999017;4,277218;26,850189
3,5390279999999983;2,822822;28,958549
0,4862800000000007;3,095083;26,338822
1,6094790000000003;2,56017;14,782124
0,08760999999999797;3,85128;28,887998
1,531527999999998;3,185692;27,448853
1,307297000000002;2,810395;27,71088
-0,8118170000000013;4,662013;31,371599
4,214206000000001;2,868106;27,569066
-0,3072909999999993;4,153817;27,117095
1,9720459999999953;3,116357;27,685562
1,1641499999999994;3,129783;26,271042
1,0173179999999995;2,309042;15,457193
0,6772400000000012;2,493799;29,902073
-1,6475570000000026;5,154366;27,201858
1,4854309999999984;2,377864;25,13848
-0,5985420000000019;3,884779;37,758679
2,8623350000000016;3,248153;25,810408
1,6887469999999993;2,4807;26,641843
0,9210589999999996;2,4718;27,683042
0,7170720000000017;2,572269;23,728919
1,0342780000000005;3,35663;26,506333
0,7682549999999999;3,055351;31,688284
0,9255929999999992;3,005006;43,09087
0,6170020000000029;3,439777;27,376889
0,13671399999999778;4,267004;25,971399
1,1412489999999984;4,107286;26,813971
1,3485699999999987;3,611983;27,052892
1,9074659999999994;2,648605;26,302427
0,7545479999999998;3,029213;28,498691
0,2944459999999971;3,620438;27,690104
1,0028899999999972;3,030237;28,631097
0,8679350000000028;2,976534;36,225348
-0,9209740000000011;5,055758;26,22436
3,041155;3,229013;28,666217
1,0211639999999997;2,325335;1,21589
0,7076219999999971;2,625644;28,88336
0,7505550000000021;2,988168;27,261472
0,22606799999999794;3,561216;26,859791
-0,047059999999998325;5,196847;25,63705
3,6260309999999976;2,407645;27,138918
-0,22582599999999786;3,333992;22,91348
1,675447000000002;2,509687;28,165043
0,20667800000000014;3,049739;23,581095
2,053523000000002;3,426828;27,189539
0,15059199999999962;4,142493;27,025544
1,6987850000000009;3,386882;26,659815
2,0628199999999985;2,704277;26,201815
-1,4655039999999993;5,134224;24,045493
4,331378999999995;2,492513;31,61962
0,30203899999999706;3,104472;28,384778
2,3392029999999977;2,420098;26,121421
-1,6869419999999984;4,776367;23,027063
2,6747339999999973;3,214258;28,604105
1,357687999999996;2,764523;29,159991
1,2114820000000002;3,439302;20,047345
0,7161950000000026;3,981485;31,916118
2,281426999999997;2,573187;27,400374
0,09563100000000446;3,437676;30,127802
1,815327;2,446672;29,710075
-0,9934410000000007;4,397101;26,815968
2,199868000000002;3,233523;28,447635
0,9467369999999953;3,337613;28,314954
1,3458809999999986;2,939877;27,725815
1,1771659999999997;2,642661;26,294866
0,7019130000000047;3,188863;32,539749
-5,853642999999998;10,406976;27,440264
9,129422000000002;2,381458;26,41658
0,07201999999999842;3,146054;22,893733
1,5489300000000021;3,032074;27,794172
0,45755100000000226;3,704911;28,173416
1,2354839999999996;3,185232;23,115711
1,8039960000000015;2,727582;23,353309
0,12245199999999912;3,376304;23,870854
1,1475060000000035;3,382265;27,832901
2,1404749999999986;2,907435;28,225931
0,5613659999999996;3,544479;27,676029
2,411936999999998;2,381066;26,308266
-0,9204760000000007;4,181258;35,675556
2,210722999999998;2,942838;26,45963
1,179936999999999;2,618833;24,722622
1,3374109999999995;2,157866;23,416985
0,6880620000000022;2,163002;23,079347
0,8489250000000013;2,103426;22,212812
0,7270129999999995;2,207492;22,985081
0,29438999999999993;2,684805;21,914792
-0,055805999999996914;3,565859;28,585461
1,7789179999999973;2,782041;29,30807
1,4715740000000004;2,32149;28,71548
0,4322090000000003;2,62775;23,024998
-0,711231999999999;4,197645;23,027776
1,0225200000000019;2,655416;15,508275
1,2250999999999976;2,37219;27,981712
0,19569699999999912;3,255034;25,164081
1,6898839999999993;3,355496;27,424676
1,4610950000000038;3,47214;29,201842
1,808291999999998;2,60163;28,222961
-0,10053799999999669;3,458194;28,871363
0,9041650000000025;3,584903;29,190092
1,4795879999999997;3,072073;27,331194
1,5962979999999973;2,542929;28,636775
-1,0260390000000008;4,272596;24,275392
2,408086000000001;2,764221;27,536711
0,574541;3,06603;30,426234
1,2864770000000014;2,502394;26,616457
0,45367399999999947;2,847598;27,868823
-0,1803489999999961;3,932549;26,371405
1,9457140000000024;2,919472;25,884265
1,3493759999999995;2,62009;27,93318
1,2860089999999964;2,337738;29,168007
0,5863790000000009;2,544622;23,14668
0,24867300000000014;3,178227;23,020395
1,752882999999997;2,855713;27,500295
-0,0278179999999999;3,754418;27,358386
1,7003640000000004;4,491828;51,032732
-5,059144000000003;11,017679;38,348489
9,625128000000004;2,513297;35,273081
-0,6636290000000002;4,253679;22,762326
1,4169979999999995;3,580586;22,66002
2,410582999999999;2,744217;27,317998
1,681407;2,395329;28,318819
0,7478249999999989;2,67037;27,221275
1,0460989999999946;2,526523;29,374625
-5,3761810000000025;8,842926;26,966569
5,635938000000003;4,26802;24,224041
2,5617599999999996;2,524622;26,99136
-0,01576999999999984;3,39162;22,611949
1,0338710000000013;2,437423;25,193832
-0,32523599999999675;3,76542;35,952155
2,4264469999999996;2,180373;27,341272
-0,7306220000000003;4,211386;24,682161
1,7069480000000041;3,413693;27,131868
2,0298520000000018;2,658462;23,393317
2,7118710000000057;2,002466;31,939469
-0,05805100000000252;3,339919;21,940842
1,7465230000000034;2,972886;25,253134
-0,2872430000000037;4,02596;22,398451
3,9256089999999944;2,37664;26,684328
0,10753300000000365;3,864727;26,912923
0,8394709999999996;2,17357;2,138949
0,8712680000000006;2,962402;26,916188
1,7718680000000013;2,699802;25,818225
1,903542999999999;2,514837;28,026275
1,4140249999999988;2,443006;24,151649
1,6670590000000018;2,743343;34,377542
1,3926289999999995;2,171399;23,333856
0,7760679999999986;2,238647;12,16365
0,4226479999999988;2,574035;23,72894
0,8492439999999988;2,578173;24,984466
0,42195199999999744;2,958506;22,847249
0,3043520000000015;3,541155;26,20696
0,5145680000000006;4,046836;27,996675
1,8725839999999963;3,310608;26,996809
0,2881490000000042;3,878749;28,101557
2,0350119999999983;2,87479;29,11775
0,07420300000000424;3,770925;29,953469
3,5901029999999956;2,068584;27,787749
-1,2414939999999994;4,08251;23,956056
1,8958089999999999;2,969186;23,635828
1,4649730000000005;2,519418;24,578359
-0,2872889999999977;3,672762;25,861656
1,8806529999999988;2,834275;28,563804
0,8982880000000009;2,847208;26,295502
1,3922740000000005;3,14921;25,168259
1,8391049999999964;2,378016;30,325654
1,555925000000002;2,373548;24,262292
0,7288399999999982;2,44529;25,505088
0,13973700000000022;3,885456;25,023742
1,7891270000000006;3,070279;24,786394
1,4599369999999965;3,245277;26,495913
1,549167999999998;2,644212;27,60685
0,36084900000000175;3,136256;27,525489
0,32192600000000127;3,748551;30,039131
1,3939839999999961;3,250838;27,607213
0,9829969999999975;3,105362;28,814402
0,5127590000000026;3,449098;28,2851
0,3283540000000009;4,085448;28,029216
1,6388219999999976;3,181502;22,695737
0,8880930000000014;3,249637;26,404035
1,428964999999998;2,724804;26,647131
0,48609499999999883;3,127713;26,851595
-0,23058899999999838;4,227284;28,117756
2,744758000000001;2,601205;31,957503
-0,11980300000000099;3,762142;27,143253
0,8987870000000001;2,469011;0,877501
0,3881619999999977;3,019673;27,688347
0,7008579999999967;3,182915;29,171413
-0,10273200000000315;4,25411;25,613282
1,932223999999998;3,171309;25,923416
1,247605;2,768033;27,750696
0,33967200000000375;3,200746;21,777883
1,1997360000000015;2,928863;35,176895
1,607553000000003;2,481384;26,740985
-0,04757100000000136;3,527649;26,325367
1,5450289999999995;2,743328;22,186349
0,36488199999999793;3,088232;22,579599
0,7770269999999968;3,113202;26,718015
0,9560889999999986;3,183866;27,574756
2,3386100000000027;2,417502;28,29934
0,8288539999999998;2,689309;27,738305
0,4820150000000041;3,288503;27,721555
0,9242729999999995;3,657024;26,326815
-1,8115030000000019;6,37808;26,488762
4,699498000000002;2,971996;26,711351
1,0119159999999958;2,922421;30,254394
0,8046120000000023;2,95424;27,16256
0,9004159999999999;2,933825;27,779919
-0,8404859999999985;4,646179;25,626848
2,282933;3,262113;26,840015
-0,727215000000001;4,977872;27,065888
2,5408829999999973;3,235027;31,022992
1,5768139999999988;3,361573;26,118597
1,0919109999999996;3,222424;29,126916
1,8881900000000016;2,218853;27,021801
0,4494250000000015;2,634705;23,25819
0,17744400000000127;3,218988;27,146214
0,8111409999999992;3,28013;26,167962
0,865321999999999;3,327759;14,482726
1,5099669999999996;2,900865;26,818226
0,5959710000000022;3,803887;28,94493
1,0602209999999985;3,598526;26,794836
1,083886999999999;3,441742;13,541335
2,565636999999999;2,043189;26,729133
-0,8035320000000006;3,689609;22,758998
1,5454289999999986;3,15664;27,325025
0,47850700000000046;3,596998;27,595897
1,6583090000000027;3,223127;26,051204
1,4427410000000016;2,603461;26,645404
-0,9897530000000003;5,293538;27,201822
3,313177999999997;2,847773;26,809092
0,9013109999999998;2,110332;11,744852
-0,7692210000000017;3,72012;27,817908
2,509474000000001;2,244655;25,201252
-0,822339999999997;3,977697;26,768931
1,477322000000001;3,590535;26,1431
0,30240500000000026;4,179684;26,19639
1,485513000000001;3,529168;27,426216
1,4959160000000011;2,904908;26,700743
0,9272360000000006;2,821513;27,838941
0,6900949999999995;3,08624;26,668546
0,4279250000000019;3,668117;43,217833
-0,12295499999999748;4,692379;29,831047
3,2945719999999987;2,391695;28,47257
0,2172590000000021;3,056444;26,566678
0,820838000000002;3,292215;27,472002
0,46976700000000093;3,775758;28,260106
2,121100000000002;2,714363;29,331883
0,17248899999999878;3,480223;25,694237
1,3845740000000006;3,136673;28,149169
0,6833099999999988;3,57727;29,995832
3,084306999999999;2,107141;25,304797
-0,7206289999999953;3,69041;38,424904
2,908549999999998;2,462656;29,306258
-0,04147000000000034;3,151101;22,971376
1,6513470000000048;2,543851;28,000918
0,2042470000000023;3,29367;28,651432
1,9081740000000025;3,065568;31,87113
1,102725999999997;2,933282;27,028703
0,11539300000000097;3,724064;27,311014
2,0346970000000013;2,789574;27,866861
1,2900929999999988;2,256366;22,913568
0,1495699999999971;2,828375;24,033905
-0,9431259999999995;4,602086;23,372182
3,021828000000003;3,087065;27,908994
1,4281899999999972;3,214861;30,754642
1,7941469999999988;2,317194;28,315119
-0,6197400000000002;3,709085;38,588133
1,9397659999999952;3,618428;27,790969
2,1872940000000014;2,160624;23,267509
-0,6766679999999994;3,569001;23,222328
2,2544320000000013;2,112261;23,17984
-0,18568699999999794;3,224397;23,008152
1,3502980000000022;2,795345;32,524788
-0,5384820000000055;4,198824;28,431926
2,0100489999999986;3,211863;27,824777
0,6201450000000008;3,660586;25,908969
0,3929520000000011;4,202364;26,003546
0,4328669999999981;4,860239;26,782054
1,9845359999999985;3,814188;26,444144
0,7253560000000014;3,981744;26,597841
1,0687619999999995;3,332729;19,349891
1,534903;2,829527;30,293081
0,45262300000000266;3,375766;27,176565
1,0161470000000001;3,408584;22,217603
2,0474790000000027;2,217062;27,319442
1,2191169999999971;2,4879;23,600076
-1,097771999999999;4,67672;27,850274
2,348754000000003;3,396089;26,490423
0,7636069999999968;3,593033;27,287918
1,4610689999999984;3,085093;26,928722
0,26473999999999975;3,764134;27,214576
2,0098749999999974;3,517842;29,768137
1,102286999999997;3,734239;30,798967
1,24167;3,268035;2,684942
0,5748829999999998;4,217862;24,981323
2,5744149999999983;2,739053;26,583398
0,6819820000000014;3,08167;27,624985
1,4551669999999994;2,760282;27,744749
-6,619404000000003;10,315923;27,094422
7,403988999999999;4,071208;26,672223
1,532634999999999;3,414197;25,950433
2,1846829999999997;2,916088;25,168068
2,4707349999999977;2,068869;27,274716
-0,4467010000000009;3,264431;23,929557
1,6800999999999995;2,448273;29,515576
0,4530700000000003;2,870207;21,435091
0,7558989999999994;3,117229;26,321903
0,2146019999999993;3,722866;27,45084
1,5747389999999974;3,005417;26,33857
1,7156270000000013;2,800032;25,387759
0,27495700000000056;3,366632;30,948449
1,2374229999999997;3,078319;25,169932
0,8346149999999994;3,249754;27,356988
3,6114219999999975;3,182959;28,045979
-0,1470199999999977;4,249511;26,974818
1,9925020000000018;3,106947;25,163854
-0,21406299999999945;4,113105;24,736067
0,6311;4,302554;28,847666
2,042742999999998;3,131343;27,047304
0,6480689999999996;3,444155;32,34533
-0,17730600000000152;4,498332;26,683329
2,191929000000002;3,273854;26,447103
0,4648990000000026;3,851407;25,97815
2,012806000000001;2,885094;25,88098
0,14263000000000048;3,758166;26,662385
1,581073;2,952888;23,878114
1,2273829999999961;2,700597;27,568097
1,5034760000000027;2,015988;26,245184
0,14843399999999818;2,6019;22,725566
-1,3014220000000023;4,888559;28,66465
3,622002000000002;2,227255;28,908274
-2,053291999999999;5,018767;22,661972
1,0899979999999978;2,547011;22,116568
1,130858;2,388228;31,705699
-1,5023340000000012;4,60565;24,354911
0,8976119999999987;2,785285;19,524928
0,3197109999999981;3,578415;30,377873
1,2284560000000013;4,028541;40,379236
2,7984050000000025;2,939715;42,47156
-0,09291299999999936;4,085363;28,067243
2,323055;2,645444;25,516765
0,9571259999999988;2,48682;25,77146
0,809690999999999;2,789817;14,41925
0,9275650000000013;3,311269;23,658411
1,865911999999998;2,725395;29,293305
1,3857190000000017;3,006119;23,757613
0,7229709999999976;3,28788;27,695699
2,313773000000001;2,330251;23,516578
-0,09542899999999932;3,218764;22,251026
2,562934000000002;2,061784;22,617465
-0,19680300000000273;3,030494;22,712277
2,2777899999999995;2,260251;27,997411
-0,06476400000000027;3,177081;26,350669
1,0966710000000006;3,329275;27,025998
1,8150690000000012;2,878284;28,830193
1,6277539999999995;2,158027;25,462908
-1,16948;4,041293;22,835023
2,0654330000000023;2,905226;28,477276
-0,013577000000001505;3,760057;26,236609
1,6363149999999997;2,89381;22,311578
1,4616940000000014;2,56459;28,300195
0,674432000000003;2,651186;24,005242
0,9056029999999993;3,703627;13,442048
2,197139;2,516942;25,757533
1,7715929999999993;2,200244;21,976225
1,052306999999999;1,978658;22,426565
0,4956600000000009;2,278577;22,759841
-0,8244509999999998;3,942877;23,401088
2,504628000000004;2,444798;29,871736
1,385817000000003;2,26812;24,406238
1,8523089999999982;1,918138;19,193705
-0,209108999999998;2,851352;28,036766
0,5117829999999977;3,815915;27,674942
0,8785779999999974;3,877749;27,193926
0,8704319999999974;3,823661;26,541226
2,249291999999997;2,509713;27,383692
0,2219430000000031;3,151926;21,960765
2,3494110000000035;2,449475;26,397781
0,7694999999999972;2,604842;25,200658
0,7789269999999995;3,236749;26,69433
0,38295400000000157;3,900969;27,841321
3,0595709999999983;2,363095;25,523793
0,25519700000000256;2,843656;22,230589
0,34909899999999894;3,378299;25,817666
0,9725489999999972;3,429314;28,760967
1,8549420000000012;2,443853;23,080636
0,4743479999999991;3,128633;23,347992
0,035938999999999055;3,927135;21,9835
2,463149999999999;2,94693;26,086433
1,3097679999999983;2,530604;25,201968
-0,8609009999999984;4,740636;26,669719
2,8238100000000017;3,303635;31,175671
-0,09510999999999825;4,41311;26,875991
2,8460949999999947;2,701771;28,370104
0,4261020000000002;3,076972;26,57574
1,0339409999999987;1,762313;21,388093
-1,2785930000000008;3,88136;30,816663
2,085146999999999;2,718345;22,75598
1,9909159999999986;2,180599;27,690667
0,5747169999999997;2,444933;25,917178
0,4882989999999978;3,493842;23,47063
2,2199079999999967;2,269213;22,378492
0,8242159999999998;2,886064;22,308327
1,5783100000000019;2,184573;27,247366
0,6513619999999989;2,494271;26,570439
0,730402999999999;2,710245;22,337484
1,365666000000001;2,410169;26,21041
0,018708999999997644;3,288547;27,7129
1,7595920000000014;2,559877;28,395394
0,949542000000001;2,516501;19,577937
1,3384149999999977;2,101438;34,52658
0,5239140000000013;2,356351;23,633177
0,43764699999999834;2,823014;28,873258
0,6515340000000016;3,042037;27,742531
1,196702000000002;3,556551;27,041953
1,475914999999997;3,035581;27,245799
1,0085930000000012;2,994265;27,782401
1,1692189999999982;2,772913;26,377749
1,1926039999999993;2,437619;26,030364
0,8735860000000031;2,451202;15,272067
1,1421329999999976;2,211642;27,220679
-0,5325020000000009;3,477131;23,674706
1,0194130000000001;3,448239;1,788062
1,9519570000000002;2,458063;40,160764
0,513303999999998;2,811235;26,399646
1,4254409999999957;2,416796;23,40622
0,8826779999999985;2,396504;22,925986
0,46075500000000247;2,9881;23,553365
1,0349569999999986;3,562398;26,25322
2,1221570000000014;2,313062;27,252994
1,0303229999999992;2,24857;26,643288
0,23425900000000155;3,051335;22,976321
1,38251;2,623646;26,391452
0,5857049999999973;2,821124;25,005299
1,5363059999999997;2,117791;21,777489
0,0191839999999992;3,018762;22,377143
0,8583710000000018;3,204268;28,049938
0,7510379999999977;3,408033;28,314639
1,544991999999997;2,834686;26,491299
0,8565690000000004;3,42771;27,888769
1,514560000000003;2,748807;29,02514
0,8221930000000022;2,899222;23,620423
-0,49761099999999914;4,208757;25,865547
2,2453889999999994;2,789941;27,327474
1,5620140000000013;2,970042;27,428173
0,930928999999999;2,876981;27,02044
0,5376320000000021;3,259746;26,928192
1,1140369999999962;3,238683;28,656672
1,4339389999999987;2,856645;27,445301
0,5882679999999993;3,109793;25,684474
1,7335779999999978;2,759242;26,447883
0,24530200000000235;3,47668;27,700418
2,0232789999999987;2,393519;27,052089
0,3311659999999996;2,968453;27,515942
0,8802589999999999;2,39245;1,066091
-0,10343699999999956;3,331543;28,036594
1,516693;4,080591;26,749858
3,2568199999999976;2,62127;26,974267
0,7369100000000053;2,991161;28,427027
0,9527099999999997;3,472816;26,182588
1,397669000000004;3,14033;27,593783
0,38865900000000053;3,657428;27,33471
0,9884819999999976;2,533079;22,254846
0,8367399999999999;2,393152;0,756609
-0,19597100000000012;3,294701;27,972254
0,5424399999999991;3,791747;25,17565
1,070408999999998;4,121753;25,131602
1,732295999999998;3,402323;27,194813
0,895031000000003;2,356605;25,847963
-0,1178729999999959;3,299212;35,218813
0,9139810000000033;2,351749;20,293919
-0,9531229999999979;4,406946;31,797227
1,9428079999999994;3,26263;26,847735
-0,08591300000000146;4,961986;26,769677
4,009326999999995;1,980681;26,339756
1,047231;3,757838;22,262135
0,4660480000000007;4,164787;25,893993
1,4943969999999998;2,32157;1,511367
-0,45660900000000026;3,796535;29,124449
1,365771;2,951191;1,032133
1,5953429999999997;2,365295;29,197731
0,9674380000000014;2,293467;26,139196
0,2221669999999989;2,993163;37,888757
0,9788010000000007;2,919372;26,51247
-0,04633299999999707;3,833913;26,008342
2,100828;2,82952;26,305444
1,7977260000000008;2,113702;26,867903
-0,14931199999999833;3,205519;25,733313
1,1990960000000008;3,184874;26,072453
1,7679280000000013;2,883625;27,020469
1,1304919999999967;2,647369;25,735607
1,1282379999999996;2,301308;27,00637
1,1919020000000025;2,452342;23,235964
-0,21053799999999967;3,525115;24,538374
1,9195630000000001;2,433689;23,801665
-0,06527899999999676;3,2884;24,690775
0,8130640000000007;2,282086;18,988004
0,05075700000000083;3,054651;30,911936
1,502839999999999;2,516928;27,078907
0,7594910000000006;2,851305;28,219432
4,346240999999999;2,471645;25,855819
0,9295500000000025;2,363089;19,423468
0,41015700000000166;2,735882;29,160204
0,5083129999999976;3,203744;26,399128
0,4711890000000025;3,515005;27,92458
1,7928419999999967;2,576204;28,109895
0,5493319999999997;2,978587;26,045786
1,664156000000002;2,439939;28,850555
0,30581300000000056;2,895911;27,971519
1,261099999999999;3,090071;26,828452
1,4664760000000001;2,481504;25,781705
0,7858809999999998;2,560795;22,673732
0,3147399999999969;3,189492;26,49857
1,1843830000000004;3,146949;25,94466
1,467053;3,307353;28,561166
2,184655000000003;2,524295;28,864215
0,5871080000000006;3,495391;40,167623
1,9486510000000017;2,460343;26,335883
-0,6877279999999999;3,91227;22,432188
1,6543780000000012;3,222965;29,38925
1,0572870000000023;2,943181;25,43376
1,619806999999998;3,073585;26,54927
1,6289850000000037;2,638699;28,027091
0,3299829999999986;3,097819;24,607917
1,116546999999997;2,882705;31,026531
1,2029409999999991;2,423507;22,850808
0,20676599999999823;3,162661;22,550215
0,7820889999999991;2,307206;24,570636
0,5386950000000041;2,722988;37,755596
0,8339029999999994;2,528443;22,849262
0,6539330000000021;2,781641;23,032756
1,6817379999999993;2,487356;28,523504
0,27880300000000346;3,204686;24,95733
2,033444999999997;2,022966;28,017575
-0,41394299999999973;3,240849;25,032756
-0,3708129999999983;4,507428;26,952657
0,8881979999999956;2,621677;25,812778
1,4035010000000057;2,214361;35,841487
-0,1287590000000023;3,22303;23,341079
-0,3943209999999979;4,451896;26,511356
2,9749550000000013;2,400972;26,266132
0,6110550000000003;2,74514;28,496495
-0,23644600000000082;3,873905;26,945056
1,4632550000000002;3,258651;24,542319
-6,6228029999999976;10,773945;29,05632
8,516288999999993;3,250407;27,939323
0,7152630000000002;3,561736;27,621399
1,5385249999999964;2,931232;26,771515
0,9744110000000035;2,757364;27,47544
1,1788500000000006;2,382074;25,298937
1,279128;2,070007;25,667582
-0,07966599999999957;2,936025;26,298233
-0,21645899999999685;4,027748;27,6194
2,406174;3,109548;26,475521
-0,6388120000000015;4,640608;25,664228
2,938728000000001;2,629024;26,482772
1,2228310000000029;2,187851;23,861167
0,8464619999999989;2,300889;23,346843
-0,021260999999999086;3,125145;22,971784
0,2675139999999985;3,819983;22,802125
2,4548089999999974;2,252379;27,068911
0,3766079999999974;2,670373;24,76247
0,8539910000000006;2,799998;26,33936
1,4097709999999992;2,176302;23,581354
-0,04233600000000237;3,160786;22,371613
1,4202460000000023;2,557941;26,678296
1,0597349999999999;2,332407;25,865113
0,23356899999999925;2,879098;23,64647
0,43107300000000137;3,211589;22,09528
0,5705269999999985;3,417074;23,780746
1,9655759999999987;2,74769;24,467151
1,1075649999999975;2,66146;26,520512
0,2753650000000043;3,348245;25,89109
1,1362740000000002;3,102235;26,632649
1,1655629999999988;2,907153;27,53131
0,8114790000000021;3,229069;30,432108
1,7095550000000017;2,363197;26,38543
-0,4394500000000008;4,362099;27,687662
2,385143999999997;3,008794;25,986663
-5,990597000000001;10,508434;25,802928
8,271990000000006;3,105557;26,309389
0,26353399999999993;3,862541;28,061267
2,4103840000000005;2,960617;26,462032
1,3178349999999988;2,513251;26,58959
0,7424399999999984;3,375719;26,373467
1,1980010000000014;3,148428;27,642164
0,8028850000000034;3,700819;29,136042
2,180087000000004;2,400267;27,256672
0,10145000000000337;3,024807;23,713661
0,19618299999999778;3,594277;23,626272
0,7233849999999968;3,827097;27,367495
2,3427469999999957;2,386116;26,332813
1,3135999999999939;2,092685;35,608676
-0,49508499999999955;3,312831;22,753016
0,9983170000000001;3,241668;26,702703
0,2357970000000016;4,04569;26,039115
1,8885309999999969;3,713439;26,731691
0,4621879999999976;4,178421;30,783619
1,1439929999999983;3,970693;28,273997
2,5519979999999975;2,350417;25,038861
0,9075120000000005;2,423996;17,730269
0,0665170000000046;3,431351;31,301114
1,990363000000002;3,089544;26,038977
1,1726620000000025;2,775236;27,022523
1,6597800000000014;2,565483;26,537218
0,46495900000000034;3,076791;27,309179
1,6558329999999977;2,900548;28,582837
0,43477399999999733;3,287482;25,910461
1,456977000000002;2,592439;25,884009
0,7548709999999978;2,863654;27,263563
0,7550550000000023;3,16342;28,235028
1,5691009999999963;3,097493;28,351948
1,4322909999999993;2,727415;26,503621
0,2040860000000002;3,234662;25,420641
1,7284919999999993;2,493842;27,349859
1,090491;2,436791;28,752173
1,6902500000000025;2,353344;27,417744
1,3950439999999986;2,514555;41,597599
0,9596410000000013;2,269662;23,58859
1,002324999999999;2,214666;22,77821
0,06126300000000029;2,944858;25,16973
0,3978749999999991;3,283845;23,045808
2,484569999999998;2,289687;26,052007
2,3337040000000044;2,26945;38,365801
0,024468999999999852;3,102012;21,929061
-0,8797029999999992;4,875824;28,097051
2,543724000000001;3,210127;26,307512
1,1915440000000004;3,031384;26,080736
1,6254409999999986;2,907689;15,141395
0,5416950000000007;3,30751;27,890178
1,3630860000000027;2,901881;26,734999
0,7516990000000021;3,025502;25,939521
1,1080629999999996;3,076699;15,315523
0,9214580000000012;3,057057;26,463575
1,3313950000000006;2,890932;27,089636
1,7159840000000024;2,808832;29,77771
0,8403489999999998;2,919789;27,20066
1,6208120000000008;2,139593;31,93351
1,3829180000000036;2,408317;35,288841
0,3271419999999985;2,974198;23,374274
1,2443939999999998;2,776152;26,206624
0,14619599999999977;3,492805;25,250629
6,502775;2,890234;26,049754
1,6292629999999981;2,161521;27,724551
0,48646799999999857;2,476645;26,668663
0,6579149999999991;2,802806;25,711538
1,1448610000000023;3,6638;21,950934
1,8292429999999982;2,747765;33,153866
0,14830300000000207;3,505443;27,878521
1,6617730000000002;2,695062;27,042104
0,8944499999999991;2,668347;26,832011
0,8141850000000019;2,746406;26,275104
-0,4959270000000018;4,072454;27,271619
2,1051850000000023;2,965728;24,691301
0,8509390000000003;3,02189;25,665399
1,735862000000001;2,33768;26,733369
0,5075649999999996;2,984694;26,789662
1,117208000000005;2,665042;88,407162
-0,12684799999999896;3,573554;23,146976
0,9018440000000041;3,684326;27,605945
2,690818;2,739565;25,636372
1,1252969999999962;2,481763;26,549866
0,12790300000000343;3,326386;28,836202
1,2144489999999983;3,070167;25,673461
1,4742719999999991;2,590293;26,864799
0,342293999999999;3,074645;23,98405
0,6992190000000029;3,287439;26,676826
-0,08240900000000195;4,378659;26,268139
1,9596330000000002;3,415022;26,943505
1,5155579999999986;2,797999;27,256411
1,224997000000002;2,511397;26,196389
0,6099440000000023;2,797157;26,341492
0,4727839999999972;3,326453;27,862774
2,227854999999998;2,173592;28,215195
-0,7623880000000014;3,648927;22,558537
1,5454100000000004;2,947125;27,207974
0,744963000000002;3,070627;26,950948
1,3303160000000034;2,717541;28,876361
1,2513439999999996;2,41985;28,127045
0,49238599999999977;2,852986;27,501492
0,8171709999999996;2,276786;0,981376
0,9423509999999986;2,445211;30,281631
0,34300500000000156;2,8532;24,382834
0,8853730000000013;2,91867;27,322137
0,7017589999999991;3,137317;27,263805
1,1170630000000017;2,872684;28,246671
0,6422659999999993;3,277165;28,295269
1,614025999999999;2,600009;27,885234
1,019128000000002;2,637858;29,051291
0,3762980000000056;3,268032;28,514584
1,4432350000000014;2,857761;27,838325
3,5540190000000003;14,775756;16,062856
13,145506999999998;2,695196;31,16913
0,6512670000000007;3,039821;28,089313
1,305063999999998;2,653755;27,765981
2,5681119999999975;2,718343;15,490287
2,1493869999999937;3,060858;31,903369
1,608740000000001;2,375493;26,09399
0,7604430000000022;2,48254;26,536588
0,9504909999999995;2,403447;28,217925
0,6565470000000033;2,715072;27,432315
-0,3300470000000004;4,081111;27,74791
3,345241999999999;3,174615;29,012723
1,5955720000000007;2,85666;18,957607
1,4552710000000033;3,001801;31,799715
1,5135269999999998;3,043851;30,33583
1,3829589999999996;2,653619;26,098585
1,3618070000000024;3,049505;27,766112
0,9134220000000006;3,137036;27,960368
0,6218450000000004;3,689611;28,734223
1,4566939999999988;3,167377;29,333523
1,0435090000000002;2,954798;25,101593
1,187570000000001;2,77351;27,13404
0,7039050000000024;2,900871;27,607139
0,7937510000000003;3,007934;26,856178
0,41061699999999846;3,601081;25,090257
1,8409680000000037;2,631876;26,403287
0,7165730000000003;2,726819;25,544186
1,4706609999999998;2,469403;0,854546
0,9449610000000028;2,489741;28,865544
0,6213989999999967;2,982126;27,519611
0,5032530000000008;3,371391;25,935656
1,0158480000000019;3,366511;27,102981
1,811194999999998;3,15827;27,12874
1,049993999999998;3,001056;26,321888
-0,2585870000000021;4,142899;27,047039
2,634449;2,457861;27,094438
1,0948789999999988;2,186135;25,941443
-0,3517870000000016;3,41935;22,528095
2,5960680000000025;1,988977;27,349747
-0,5661659999999955;3,363581;38,239785
1,061952999999999;3,185514;26,940844
0,8902259999999984;3,233515;25,894926
1,1550510000000003;2,912157;25,581733
0,6392340000000019;3,174301;25,811884
1,3165820000000004;3,005453;26,444997
0,6976639999999996;3,25991;27,614031
1,3935919999999982;2,810293;27,313992
1,1554579999999994;3,210293;26,222005
0,8792690000000043;3,894525;25,880397
1,9015920000000008;2,842142;26,12464
0,45515800000000084;3,152189;26,099953
1,6069969999999998;2,43286;26,194544
0,5155150000000006;2,880698;25,214889
1,3706479999999992;2,630832;25,506902
0,5227259999999987;2,925679;27,952
1,1562480000000015;2,609558;25,557983
0,666248999999997;2,795777;25,685497
0,6913700000000027;2,96268;27,292951
0,7692819999999969;3,04505;26,539052
1,1371319999999976;3,03275;26,948457
0,881851000000001;3,095835;26,129081
-0,18863299999999938;4,371713;27,842611
2,5628530000000005;2,871949;26,384016
0,36497400000000013;3,504587;29,269918
2,898372000000002;2,769253;27,171633
2,1498599999999968;2,281946;26,263078
0,09810699999999883;3,195462;24,040963
1,0036619999999985;3,123453;26,665288
1,5236259999999984;2,244977;13,826476
0,3644400000000019;2,81452;28,611297
1,1032629999999983;2,689439;26,542987
0,36844699999999975;3,278761;29,163117
1,982435000000006;2,33132;30,605161
1,1576169999999983;2,506761;23,18046
1,0418420000000026;2,574678;35,624938
1,800292999999999;3,948869;3,823277
1,062693000000003;4,19786;40,107034
3,2207129999999964;2,084188;26,50906
0,24939600000000084;2,639167;23,644157
1,4239120000000014;2,707819;36,922646
1,3429910000000014;2,572328;23,503047
1,5564789999999995;2,380358;24,16509
0,6373320000000007;2,717719;28,970127
-0,2659520000000022;4,052464;27,308575
-0,35157600000000144;6,002371;33,782941
-1,4240120000000012;8,14694;24,03405
6,667202;2,279157;27,414762
-0,30944399999999916;3,52443;24,643076
2,1629569999999987;2,31935;24,054347
-5,472099;8,554939;24,359468
6,733958999999995;2,644936;24,793969
0,7982029999999973;2,887823;17,784189
-7,230523000000002;11,167793;27,922826
7,992152000000004;4,132692;24,070324
10,839765;4,256437;29,791215
3,0205429999999964;2,182635;25,611723
0,0746360000000017;2,842626;24,29929
0,3617020000000011;3,160197;24,457486
-0,5246039999999965;4,59192;27,069854
1,063128;3,138214;0,982029
0,4803089999999983;3,738107;28,830069
1,4762260000000005;3,084657;26,958113
1,4833719999999957;2,605934;28,01723
0,24173600000000306;3,234412;27,634354
1,4866759999999992;2,588471;26,262111
0,39185799999999915;3,255165;26,20583
0,6147880000000008;3,524668;28,75834
1,5894869999999983;2,863428;26,715513
0,4608789999999985;3,108181;24,021738
0,3746910000000021;3,707848;28,514669
1,2612549999999985;3,317396;26,711528
0,7540480000000009;4,126324;26,41225
2,702421000000001;2,379802;29,754872
-0,06370200000000281;3,426874;28,011005
1,055572999999999;3,310605;26,808316
0,7682539999999989;3,431363;27,239624
1,360953000000002;3,129874;25,430403
0,9442789999999981;3,083416;25,866755
0,8144379999999991;3,228113;27,006955
1,017907000000001;3,781436;26,917661
0,1719059999999999;4,414809;26,960614
2,3635610000000007;3,059183;27,306891
0,7163810000000019;3,331815;28,817885
1,3190360000000005;3,02559;26,200957
0,7386049999999997;3,25572;25,586466
0,5016380000000034;3,758145;24,216001
0,26300400000000224;4,380131;25,732543
0,9476629999999986;4,37273;25,661475
1,973393999999999;3,238713;26,105948
1,0403190000000002;3,319871;26,078485
1,118935999999998;3,093233;26,841536
0,5260500000000015;3,606698;28,292106
1,1815910000000045;3,212372;25,947528
1,0413059999999987;3,002268;26,021244
0,8891469999999977;3,02934;26,029066
0,1421209999999995;3,650186;27,071807
2,133460000000003;2,485407;24,912242
-0,18312899999999743;3,614565;28,038966
1,476267;2,977009;23,789428
0,712726;3,232734;25,427378
1,0930739999999979;3,086255;27,102893
0,7307299999999977;3,332992;26,035257
1,004754000000002;3,183056;26,240736
0,019055999999999074;4,01908;27,750668
0,9475559999999996;3,104183;2,26696
1,171590000000002;3,059262;27,530817
0,5939660000000018;3,496509;27,853147
1,6258269999999975;2,965716;27,062798
0,6199440000000003;3,14819;25,453763
0,647704000000001;3,34802;26,845164
0,8621059999999972;2,450092;25,881692
1,1494160000000022;2,977238;38,205006
-0,5730229999999992;4,411728;25,56962
3,9244959999999978;2,345583;27,263493
0,5516949999999987;3,422445;29,516776
1,2165800000000004;3,135208;26,733034
1,343351000000002;2,727423;26,398374
0,03212699999999913;3,718471;27,223238
0,4047959999999975;4,275924;26,974454
2,356075000000004;2,33498;25,325148
0,2610699999999966;3,224866;35,105507
2,4093040000000023;2,771988;27,615
1,085491000000001;2,592461;28,216822
0,9843130000000002;2,547498;27,180183
0,3011519999999983;3,019941;25,728843
2,139870000000002;2,238401;27,335924
1,2987970000000004;2,847097;35,002429
0,4763459999999995;3,151904;26,474308
1,1291550000000008;2,828971;26,619172
1,542625000000001;2,186255;26,235419
0,979616;2,228997;26,876198
0,2070059999999998;2,89866;25,063323
-0,5640020000000021;4,428346;25,466014
2,742835000000003;2,708443;26,411561
-0,22204999999999941;3,865842;25,396478
1,7748170000000023;3,130736;30,804267
0,7340729999999986;3,338338;26,623042
1,2862690000000008;2,992745;26,42053
0,8526570000000007;3,035016;28,466611
0,6926710000000007;3,212025;27,791379
1,0310449999999989;2,970523;27,294588
0,824389;3,030029;26,590706
1,0088250000000016;2,946427;27,295536
1,5062019999999983;2,430828;27,414013
0,6191609999999983;2,785173;27,758768
-0,18981000000000137;3,906152;28,575133
2,242823999999999;2,547271;23,512747
0,07972100000000282;3,338914;25,542512
1,7518840000000004;2,509699;26,617687
0,11941800000000313;3,426167;28,926102
0,3700290000000024;3,963923;28,297894
1,6863790000000023;3,139689;27,374633
1,1101969999999994;2,962033;28,269979
0,8998629999999963;2,916865;27,374479
0,798606000000003;3,387043;30,369638
1,7349139999999998;2,582464;30,333772
0,44460100000000224;3,032164;27,120034
0,19104600000000005;3,816067;30,216419
2,2823059999999984;2,531417;28,596763
0,2499480000000034;3,372342;26,872033
0,8520389999999978;3,783689;34,153643
2,4935620000000043;2,554708;37,438179
1,3612460000000013;2,312852;29,454363
-0,6230079999999987;3,976525;25,280063
2,157403000000002;7,183792;91,347888
4,616115000000001;4,620317;45,579401
3,4732839999999925;3,53319;61,538731
2,2857720000000015;2,6417;44,599016
1,1040919999999979;2,890477;29,255694
-1,594611999999998;5,322137;25,486198
3,7762620000000027;2,888718;36,573795
1,0514520000000047;3,176183;47,252447
0,9752220000000023;4,259589;38,814182
-1,240829000000005;7,428369;35,848647
4,628171999999999;4,226563;45,490865
1,9769070000000042;3,239698;40,516317
0,939700000000002;3,38059;33,660955
1,482915999999996;3,730464;27,823215
2,3635600000000068;2,75087;35,014931
0,8351140000000008;3,354735;29,113581
2,137081000000002;2,682412;35,344919
1,3060669999999988;2,418058;28,24415
-0,7936949999999996;4,472579;29,759207
2,6753510000000063;3,136353;34,737517
0,1837330000000037;5,120509;37,023306
5,407674;2,35519;37,004211
0,5148520000000012;2,600423;25,564498
1,6702820000000003;2,753477;27,300693
-2,7179900000000004;6,421022;36,739065
4,331105999999998;3,06711;34,335496
-1,3267510000000051;5,341978;30,134892
4,291803999999999;2,442532;36,609673
0,42918200000000084;2,822983;25,8662
-1,8411339999999967;5,639396;27,247712
4,340367999999998;2,766165;36,127667
1,575205000000004;3,210538;35,980568
-18,817902999999994;25,005618;54,448328
23,129544000000003;3,467646;47,810067
1,133758;2,689819;1,321795
-0,41851400000000183;4,165914;47,759275
3,301156000000006;2,343782;33,556464
1,1771069999999995;2,52024;25,567329
-0,34948599999999885;3,959374;37,315008
2,333751999999997;2,974612;32,726868
2,2323500000000074;2,241198;31,620623
-2,8988140000000016;5,941087;27,089337
1,868275999999998;5,014958;29,613975
2,2627159999999975;3,845204;29,859788
1,840795000000007;3,263073;33,342679
1,572254000000001;2,932257;28,0882
1,5462280000000064;2,659167;38,23354
5,820219000000009;3,495747;72,047426
-1,5270069999999976;6,069243;48,787855
3,8607080000000025;3,422716;41,041751
2,9105570000000043;2,315625;30,361925
0,9300359999999976;2,691172;26,172839
-2,144649000000001;6,027879;36,40663
4,909434000000001;1,956198;30,721383
-550,5907520000001;553,545342;27,262778
0,8699550000000045;2,647464;34,296116
0,5867259999999987;2,865319;46,033414
0,8769039999999997;2,418124;20,188527
-0,9539390000000019;4,229152;31,693901
0,9065100000000008;2,587866;20,957534
-1,0247079999999968;4,610448;34,082473
2,9430429999999994;3,033735;27,540949
0,9222369999999991;3,176687;26,149473
-1,836473999999999;6,136586;27,875454
4,966033999999993;3,192739;42,273766
28,118057000000004;3,33139;26,48311
0,8813490000000002;2,671493;24,062115
0,18062499999999915;3,943035;34,065616
1,6973069999999986;3,234441;26,063417
0,8713920000000002;3,072487;22,823398
0,7982689999999977;3,032907;25,839148
-0,22448000000000334;4,122174;25,74134
2,1841430000000024;2,941809;28,476485
1,4794310000000017;2,298904;26,940033
0,18011200000000116;3,072759;25,076206
1,3921659999999996;3,309646;25,310515
1,8363549999999975;2,536596;29,777795
0,7954819999999998;2,221426;17,904184
0,09642800000000307;3,276792;33,874472
0,9878250000000008;3,435434;25,312381
0,8912929999999974;3,41944;38,522059
1,2405740000000023;3,029406;24,940244
0,41146499999999975;3,878164;35,383634
1,953161999999999;2,684687;26,153101
0,5669170000000001;3,068906;25,902784
0,4492139999999978;3,428965;26,834063
0,831472999999999;2,481319;21,844646
0,5466339999999974;3,375284;35,652571
1,0281090000000042;3,172309;26,698907
1,850041000000001;2,771766;27,466455
1,832530000000002;2,788942;28,289303
0,33121200000000073;3,406814;30,453999
1,136488;3,738219;27,023747
2,315643999999999;2,186915;23,460678
-0,2160189999999993;3,253475;21,662609
-0,05554000000000059;4,174998;26,507553
2,6427629999999986;2,404996;25,452464
0,27626499999999865;3,042298;25,432849
0,7982599999999991;2,997165;25,444171
1,1732769999999988;2,068153;14,56694
-0,20722600000000213;3,907474;28,541948
1,800657000000001;2,90678;26,145805
0,6329209999999996;3,174617;26,588798
0,044566000000003214;3,941909;25,192265
-0,660308999999998;5,551436;23,640382
3,125786999999999;3,217414;26,58285
0,7996890000000008;3,305691;26,198004
0,6389919999999982;3,608851;25,875043
1,7582420000000027;3,254424;27,60859
0,8505510000000029;3,253856;27,167202
1,3628180000000043;3,387142;27,641128
1,523662999999999;2,695357;26,431765
0,28550699999999907;3,289312;25,959572
-0,009088000000001983;4,187918;27,019321
1,9373600000000017;3,137038;26,042899
0,756022999999999;3,449258;26,373877
1,3854059999999997;2,912545;27,394387
0,8495540000000013;2,859869;25,71555
0,5989110000000011;3,158025;25,885001
0,9941259999999978;2,993042;25,05195
1,625616000000008;2,524753;32,776621
1,3833749999999974;2,263932;30,171262
-0,2109620000000021;3,332547;27,201006
0,8693350000000002;2,477719;0,881222
0,2798100000000012;3,199923;30,90465
0,8214269999999999;3,31699;26,968842
0,7269089999999991;3,565874;26,183792
1,2156389999999995;3,273988;27,201242
-9,817091000000001;14,829947;26,820193
11,796271999999995;4,027134;27,551972
1,6218910000000015;3,234704;28,334399
0,12550700000000248;3,930291;27,704354
1,4675340000000006;3,344658;27,220977
1,2979780000000005;2,892011;26,838988
0,7134149999999977;3,095451;27,840886
1,0637710000000027;3,527511;28,62418
0,5452739999999991;3,926415;26,682123
2,319817999999998;2,410269;26,796866
0,24088099999999812;3,252269;28,203109
0,7637270000000029;3,330439;29,236106
0,9561389999999967;3,224426;27,162372
-0,1510589999999965;4,324878;29,965756
2,5168810000000015;2,849934;29,892889
0,9927160000000015;2,840155;27,596372
0,5694720000000046;3,047359;28,532244
-0,2675790000000049;4,361091;31,089697
2,8085240000000056;2,586335;26,727711
0,9463459999999984;3,224763;23,040793
0,8188680000000002;1,928765;12,353513
-1,8170420000000007;4,49744;26,235879
1,4148080000000007;4,06483;25,715268
0,8747040000000013;4,146726;25,921169
2,1857989999999994;3,048714;26,435489
0,9919400000000032;3,098568;27,088585
1,1315460000000002;2,845571;28,937281
0,7759470000000022;2,788237;26,579568
1,2776159999999983;3,080741;22,974049
0,7596430000000005;3,293152;27,296639
1,081358999999999;3,085649;26,005143
1,4779070000000019;2,57155;26,070663
0,2607939999999971;3,094086;25,863403
0,9752080000000021;3,027855;26,403518
0,26465100000000064;3,717083;26,446579
1,523449000000003;3,240757;28,283406
-0,5598100000000024;4,717838;26,622333
1,628460999999998;2,698886;17,786235
1,8075029999999934;2,537992;30,500595
0,16336300000000037;3,245847;27,502729
0,7665559999999978;3,588646;28,857608
1,330205000000003;3,110853;25,968842
0,8070899999999988;3,192159;27,924491
1,4386420000000015;2,790591;27,029436
0,6687900000000013;3,231073;27,177096
-1,0609970000000004;5,267917;26,492674
3,766936999999995;3,314169;26,703182
0,9754669999999983;3,336248;25,032341
-0,32196299999999667;4,544656;28,329472
2,9562789999999985;3,350661;26,177534
1,8491089999999986;2,356347;25,241436
0,39641300000000257;2,756928;25,388631
0,6223720000000021;3,272716;24,165336
-1,9652449999999995;6,395812;31,100081
5,051614000000001;2,82171;37,059715
0,9384960000000042;3,152226;30,263195
0,3271560000000022;3,979002;32,160393
2,2590389999999942;2,923352;30,005524
-6,974164999999999;11,598504;46,386938
9,890851999999995;4,384535;53,882536
2,4139790000000048;3,62235;48,557328
1,6358019999999982;3,31749;35,281838
-1,2536470000000044;5,533033;30,935777
-16,978197999999995;23,837048;36,672593
19,910515999999994;5,012026;40,148865
3,416919;3,420495;39,858469
1,2027979999999943;4,333677;45,01252
3,0847750000000076;2,901928;37,26642
0,9520910000000029;2,931889;29,953769
2,3409320000000022;2,106597;35,876078
-0,5231470000000016;3,467601;25,293948
1,4571909999999981;2,979296;25,90651
1,0927000000000007;3,143812;28,228934
1,5190100000000015;2,922466;28,443534
1,3247300000000024;2,580705;25,836444
0,971627999999999;2,584315;23,972033
0,9512160000000023;2,895922;35,97869
-0,15478999999999843;4,099165;29,023452
2,2664379999999973;2,827144;26,901924
1,1819560000000031;2,793256;28,098761
1,297381999999999;2,998279;26,765954
0,8772669999999962;2,925961;30,584229
1,1850389999999997;2,595037;23,629738
0,2774429999999981;3,241323;27,713888
1,6911439999999978;2,389254;26,108917
1,0749979999999972;4,612891;13,058965
2,635009;3,01279;27,471753
1,1480519999999999;3,236275;32,956105
1,3344800000000028;2,823276;26,77266
0,8543129999999977;3,000586;27,746893
-0,13765599999999978;3,948136;25,404472
0,8569040000000001;2,662529;18,034029
0,8121679999999998;3,551909;29,312553
1,450635000000002;3,130634;25,949633
0,6960349999999984;4,296554;26,125107
2,814066999999998;2,97069;26,992851
-0,2662149999999954;4,317175;29,354664
2,1946820000000002;3,079984;27,780244
1,3439370000000004;2,76654;25,676639
0,7284410000000001;3,18083;30,79805
1,0323110000000035;3,063253;26,860265
0,4632349999999974;3,512101;28,034965
-201,91096999999996;206,320474;27,510655
204,27164299999998;2,918757;28,014271
0,9710129999999992;3,005415;28,170107
0,8327850000000012;3,0444;24,484931
1,4227120000000006;2,72421;30,327063
1,181166000000001;2,4906;28,696181
0,9841289999999994;2,435812;28,410644
-0,39518899999999846;3,769439;27,422101
1,7125389999999996;2,219164;25,081302
-1,1789040000000028;4,357564;37,471091
2,774236000000002;2,536372;26,426201
1,272749000000001;2,139537;25,572898
0,7958449999999999;2,237014;18,126317
-1,9191049999999983;4,868314;25,889703
2,541449;3,531681;32,761588
1,2404220000000024;3,180279;29,728285
1,120403999999997;2,949887;27,049461
0,8693160000000013;3,06222;26,673592
1,1131100000000025;3,071795;28,314638
1,2794399999999975;2,805722;28,450319
0,7882040000000003;3,062738;28,753972
1,646562000000003;3,302314;29,879741
1,6255440000000014;3,198741;27,937673
0,7595489999999998;3,429721;27,446218
2,2950860000000013;2,100071;28,178892
0,7410010000000042;2,117727;22,327242
0,11197400000000002;2,81919;22,653182
1,3925519999999985;2,725728;23,752571
0,7786089999999994;2,93301;24,321749
1,9984819999999992;2,651549;26,6289
-0,04749800000000093;3,720443;24,085896
3,2378110000000007;2,614042;37,433738
3,121694000000005;2,584148;42,471458
2,1368229999999997;2,695261;34,869412
1,0632980000000032;3,135427;48,124558
0,3273469999999996;4,126894;27,434521
2,9348990000000015;3,652324;35,429111
2,1823029999999974;2,778404;30,111669
0,08268099999999379;3,931621;35,473246
3,0229770000000045;3,854729;45,975544
2,5954849999999965;6,189469;48,318576
3,375523000000001;4,352388;58,787648
0,1774160000000009;7,713789;63,716751
4,945139000000005;5,051274;51,483495
-0,15055899999999411;6,549918;37,305988
5,054614999999998;2,692501;36,730255
-1,1936179999999972;5,444517;30,894363
2,3498699999999957;4,257983;35,561174
1,9134340000000023;3,460342;33,834798
-4,301205999999993;9,342341;38,973532
6,659525000000002;4,121584;30,010526
1,934160000000002;3,106505;29,768956
1,658407000000004;2,469125;28,387313
0,8708329999999975;2,900655;31,854413
-0,2761320000000005;4,166559;25,597508
1,0307630000000003;4,124521;28,433113
1,4469139999999996;3,541365;25,433401
1,856347000000003;2,630694;26,0964
0,15862000000000265;3,246914;27,231809
2,1336100000000044;2,650487;26,862826
1,6837929999999979;2,582494;25,505271
-0,7970810000000021;4,294743;26,651077
0,9186639999999979;2,246549;14,319558
-0,3144149999999968;3,408422;25,677405
1,469773;2,9088;26,608501
2,4828070000000046;2,237872;28,104867
-1,9677000000000007;5,091266;26,518854
5,095852000000001;2,684441;42,782089
0,38328500000000076;3,090745;24,387366
3,043068999999999;2,87773;26,976178
0,4925850000000018;3,866615;25,371252
2,2389909999999986;3,040956;26,387683
0,8189530000000005;3,139033;26,606408
1,2581859999999985;2,983374;27,306559
-0,249209000000004;4,813034;29,705051
2,548525999999999;3,106225;29,269669
0,838042999999999;2,573983;29,385292
0,6720019999999991;2,736891;42,798813
0,7886269999999982;3,092399;27,022444
1,331228000000003;3,223312;30,177946
1,0159880000000001;2,996564;26,122134
0,503186000000003;3,309987;28,196769
0,5135709999999847;3,898749;137,666403
2,2041969999999935;3,146489;30,765509
-3,513542000000001;8,180176;26,375865
5,656936000000002;3,378603;25,852041
1,6664829999999995;3,284843;29,208054
1,1645370000000028;3,095664;28,044855
0,30642999999999887;3,706702;27,50991
1,7462530000000065;3,047937;30,456141
1,5095500000000008;2,497775;26,366563
-1,0269619999999975;4,244846;25,854584
2,044082999999997;3,105768;28,069617
0,930169;3,138738;1,193687
0,8429210000000005;3,192636;27,108603
1,3492050000000013;2,67991;26,002508
1,296042;2,334371;25,834214
0,21700999999999837;2,930105;23,977678
1,0560740000000024;2,932602;28,523872
0,9624520000000025;2,333519;21,651328
-0,9428419999999988;4,174557;33,40786
2,074345000000001;3,01965;27,943044
0,4562559999999998;3,594058;26,620722
1,9190959999999997;2,600966;25,361635
1,0880389999999984;2,75429;24,07292
0,7310730000000003;1,817554;13,707898
-0,346819;3,083511;25,074731
1,4201750000000004;2,800727;28,657263
-0,3213249999999981;4,249089;28,887213
3,0876359999999963;2,533755;28,238627
-0,10536999999999708;3,416707;27,801938
1,1315330000000046;3,241501;31,390372
2,833435999999999;2,019656;27,010929
-0,6945650000000008;3,552147;27,86853
2,363099000000002;2,777382;26,807207
-0,34135399999999905;4,133771;27,369873
3,289469000000004;2,876607;28,235701
-0,24386900000000367;3,925692;26,935231
1,8209700000000026;3,898602;26,779594
2,334902999999997;2,530311;26,625764
0,9538790000000006;2,46904;24,186923
0,8470220000000026;2,421708;23,970266
-0,14520800000000023;3,472853;27,555523
1,7489129999999982;2,639329;26,730118
0,7296329999999998;2,862402;26,953682
1,3466200000000015;3,06729;26,181562
3,4795799999999986;2,969051;26,77792
1,3413379999999968;2,448287;26,538931
0,3483459999999994;3,239801;25,71863
0,892395999999998;3,12233;27,010587
0,7395469999999982;3,245878;25,873225
1,0789480000000005;3,082073;29,067817
-7,628297999999997;11,523678;27,200514
1,1299729999999961;2,393325;25,314233
0,24404899999999685;3,184342;36,875369
1,0978519999999996;3,075319;25,478571
0,9560250000000039;2,495665;17,966986
0,3327139999999993;3,038892;28,582627
0,720086000000002;3,218757;25,347458
1,071821;3,068544;27,800911
0,41103199999999873;3,595787;41,521595
1,1010900000000028;3,482844;28,638502
0,4249989999999997;4,106275;22,432649
2,1436999999999955;2,868905;26,794896
0,5055699999999987;3,31463;28,10671
1,2853969999999997;2,919263;25,660815
0,5894609999999965;3,258438;25,5239
1,9517769999999999;2,192112;27,236908
-0,3668750000000003;3,374712;39,394117
1,2941809999999982;2,927695;25,173995
0,6785530000000008;3,209147;26,682826
0,9501989999999978;2,32914;13,46926
0,06235799999999969;3,160311;26,713576
0,7518260000000012;3,526212;28,952802
1,4013129999999983;3,078676;27,426172
0,4107309999999984;4,124679;26,971157
1,649947000000001;3,457968;26,687534
1,3872579999999957;3,065041;31,33791
0,936594999999997;3,151526;26,008852
1,1347749999999976;2,907668;25,920621
-0,7397890000000018;4,448069;23,432283
0,9348019999999977;4,537705;27,604434
1,3911170000000013;4,065112;26,524161
1,6390709999999977;3,224014;25,765404
0,7837309999999995;3,485954;25,944588
1,6754800000000003;2,946216;26,99865
0,84741;3,062412;25,983341
0,5058529999999948;3,448007;29,18183
1,8025179999999992;2,537724;27,425541
0,13548000000000116;3,241905;23,208429
0,2428139999999992;4,033883;28,328845
1,3362960000000008;3,587878;25,432629
1,8262950000000018;3,367885;26,799756
1,1538949999999986;3,272638;27,27201
1,1867850000000004;3,04726;30,440337
0,8245589999999972;3,221295;26,522165
1,4263900000000014;2,946153;26,833285
0,6111840000000015;3,224783;27,487388
1,9331710000000015;2,989761;22,08413
0,7867360000000012;3,849744;31,795208
1,7499280000000006;2,994679;26,179326
0,9074799999999996;3,164152;23,96405
1,1369830000000007;2,97699;34,183347
-0,23242000000000118;4,200656;25,86116
2,3169920000000026;2,814998;26,306386
0,4872690000000013;3,115188;25,91074
1,6716450000000016;2,386015;27,327564
0,30443700000000007;3,016486;28,297622
0,6937800000000038;3,350216;28,199451
0,872319000000001;3,286004;27,133633
0,9309129999999968;3,2252;26,671178
-28,436346999999998;32,452783;26,504669
28,819656;4,841784;25,918735
3,117536000000001;2,788077;26,3157
0,6734659999999977;2,978739;26,076661
1,236153999999999;3,237775;23,001633
0,9542189999999984;3,253677;29,281183
1,3359970000000025;3,441753;27,424032
0,7775629999999971;3,705501;26,424902
1,6071089999999977;3,0018;26,042895
0,8191950000000006;3,029304;25,678929
2,153264;2,778022;14,61438
1,0840630000000004;2,977144;27,424107
1,1382759999999994;2,452684;13,312369
-0,8632530000000038;4,360789;29,817658
3,2891399999999997;2,789625;27,965678
3,1519239999999975;3,327139;28,411082
-0,15264900000000026;4,417091;26,728721
0,8615899999999996;4,430392;26,18647
0,8270560000000025;4,482734;26,213865
2,0772929999999974;3,203835;25,717019
1,6433830000000036;2,377815;27,075107
-0,9774189999999976;4,105825;25,497414
2,2641339999999985;2,764282;26,317067
0,6441629999999989;3,948668;25,751751
1,0032969999999999;2,676744;12,516409
-0,17951300000000003;3,694716;24,718673
0,24521300000000323;4,239669;26,075888
0,9956449999999997;4,09811;25,293685
2,0275469999999984;2,949148;26,080463
0,632280999999999;3,264976;27,982658
0,051345000000001306;4,197919;25,490374
2,386448999999999;2,882438;25,222193
0,43828900000000104;3,369459;30,969585
0,13128300000000337;4,256466;30,162556
2,0877959999999973;3,339785;27,120801
0,9317569999999975;3,367878;27,98441
1,2764560000000031;3,057117;25,925317
0,9926990000000018;2,911744;25,567223
1,163214;2,642619;26,695104
0,9494599999999984;2,555316;25,488754
0,6559869999999997;2,72307;26,252879
0,4159739999999985;3,164277;24,896761
-0,44052300000000244;4,513728;28,323165
2,4244509999999977;3,009482;25,778011
0,5114389999999993;3,387512;25,592775
0,9162320000000008;3,396577;26,434348
0,8158169999999991;3,4569;26,345659
0,301835999999998;4,061616;24,803642
1,824289000000002;2,702378;13,576582
0,338479999999997;3,499459;25,911535
0,6762380000000014;3,717338;26,91459
1,7350790000000025;3,131172;26,292457
-0,4878450000000001;4,419739;28,01654
1,9488099999999982;3,363966;26,703522
-0,050670000000000215;4,271313;27,477684
2,000285999999999;3,224938;26,827308
0,982761;2,510591;12,99319
1,8980139999999963;2,125997;26,207163
0,32412800000000175;3,207358;26,188328
1,8275760000000005;3,132844;26,580776
1,5473369999999989;3,168341;27,532063
1,0099400000000038;3,064437;28,125567
1,193289;2,608307;25,626287
0,2177889999999998;3,284261;26,690048
1,5431900000000027;2,49502;27,539975
0,2856710000000007;2,932723;21,871784
-0,5560590000000012;4,313927;25,786439
0,41891800000000146;4,735185;27,456811
2,5480769999999993;3,876455;26,777287
1,4230739999999997;3,372249;25,714244
0,977606999999999;2,79797;22,83155
-0,2015790000000024;3,902953;33,613576
1,705327999999998;3,255682;26,97951
-0,438835000000001;4,606326;28,055639
2,3465869999999995;3,234256;25,69554
1,3693789999999986;3,276313;26,04171
0,9712800000000001;3,433481;25,696766
2,088621;2,821402;25,831102
-0,9634400000000021;4,711482;26,990162
3,3333760000000012;2,589678;33,447573
0,6488240000000012;1,87174;25,130923
-0,4881639999999976;3,061179;33,319143
0,8876869999999997;2,987427;25,607894
1,096696999999999;2,750975;26,146141
-0,7015740000000008;4,144766;22,253994
2,536992999999999;2,541458;26,391583
0,31728699999999677;3,152498;26,504546
0,6202270000000034;3,366584;27,609626
1,2131420000000013;3,075081;26,956569
0,8000240000000005;3,085665;27,645208
-0,34502900000000025;4,396719;28,511147
0,9269770000000008;2,473028;25,882793
0,3794940000000011;2,933202;37,814971
0,6670010000000026;3,318066;26,787744
1,0314340000000009;2,55255;19,604304
0,28748899999999367;3,229523;32,625528
1,1703580000000002;2,907885;25,59677
1,5724490000000024;2,988065;27,881812
0,10942899999999867;3,748574;26,70498
2,0057399999999994;3,394377;28,277584
2,045566000000001;2,30315;25,770578
-0,6111250000000013;4,281458;21,65686
2,0259769999999975;3,152252;25,811035
1,1709150000000008;3,550507;26,651903
1,639925999999999;3,058602;26,295065
0,8306399999999989;3,01746;25,04908
0,7094220000000035;3,163321;26,751792
1,4182559999999995;2,773565;27,362938
0,503938999999999;3,152783;26,541999
2,500338000000003;2,108943;28,072649
0,2776079999999972;2,764824;24,745677
-0,2339650000000013;4,517022;25,588159
2,0532450000000004;3,281076;26,500841
0,6141870000000011;3,704843;25,505577
0,3339310000000033;4,352271;25,737655
2,0114839999999994;3,193876;26,153459
1,3953029999999984;2,912762;25,755203
1,3217250000000007;2,784188;26,00206
1,9145449999999968;2,299282;25,152051
-0,03509299999999982;3,269421;25,641318
1,6551069999999974;2,714628;26,024207
0,8006959999999985;2,937107;27,580316
1,5011159999999997;3,008795;25,736899
0,04468800000000428;3,892638;25,308483
1,0434850000000004;2,132394;10,2197
0,26064699999999874;2,723916;35,70272
0,8190200000000019;2,910513;25,836903
1,1280909999999977;2,957243;27,4337
1,7097750000000005;2,183909;25,232929
-0,7950419999999987;3,858603;24,915789
1,643228999999998;3,000272;21,964656
0,06395799999999952;3,93186;27,244309
2,271543000000001;3,165654;31,878386
0,7353410000000018;3,414869;27,211022
1,2819199999999995;3,212872;28,272592
1,1511849999999981;2,919105;28,345799
1,5167769999999976;2,901384;25,568753
0,09973499999999902;3,692531;26,473023
1,3952910000000003;3,290432;26,331852
1,4169719999999977;2,791207;26,44732
-3,702898000000001;7,415368;27,247579
5,130445000000002;3,102017;32,088546
1,310100000000002;2,956228;25,591244
1,5780640000000012;2,306866;25,658595
-0,11767599999999945;3,126127;27,667845
1,471067999999999;2,565718;26,423696
0,9674220000000027;3,016084;25,062481
0,5741619999999976;3,347871;27,528602
0,44499700000000075;4,052772;27,593889
1,827684999999999;3,120346;25,762913
2,140545999999997;1,940397;27,343226
-0,1226300000000009;2,735674;21,893801
1,0743159999999996;2,436917;26,251012
0,7372839999999989;2,505683;26,484896
0,1254930000000023;3,215403;26,523092
1,104255000000002;2,975124;28,799186
1,3281110000000034;3,144104;26,237215
0,3147940000000027;3,766436;26,281785
1,9769600000000018;2,712216;27,51421
0,3634879999999967;3,278022;27,143547
1,7890290000000029;3,077751;27,189015
-0,05332600000000198;4,049476;26,006235
2,2125200000000014;2,70612;22,616916
1,3735479999999995;2,252596;29,715175
0,2906349999999982;3,430754;26,646563
2,064154000000002;2,223366;24,121979
-0,8941189999999963;3,946019;35,928799
0,4975290000000001;4,283927;27,903649
2,984493000000004;2,174338;26,950025
-1,260356999999999;4,144064;22,655324
0,7731250000000003;2,3669;23,789904
-18,837036999999995;22,06205;37,777868
20,009571000000008;2,938205;25,947801
0,49339000000000155;3,221134;22,919334
1,573523999999999;3,192934;28,736615
1,8024959999999979;2,333275;18,269539
-0,00600599999999929;3,12932;30,926493
1,4962480000000014;3,084964;26,08815
1,0223650000000006;3,014167;25,391523
0,39811699999999917;3,50487;26,965723
0,994804000000002;2,331355;27,940554
1,2632779999999997;2,121431;37,966464
-2,2160550000000008;5,671062;25,898799
2,7112589999999983;3,964929;26,104722
1,1069830000000032;2,241344;27,204689
-0,546090999999997;3,531264;37,332344
1,512903999999999;2,575579;21,587499
0,8943200000000004;2,834471;31,373019
0,7432700000000025;2,925382;27,477068
0,5414099999999991;3,731178;26,28965
1,0654240000000001;3,577875;25,820915
0,6902599999999985;3,832709;26,038699
1,3769940000000034;3,272353;27,688729
0,828520000000001;3,376527;26,313209
-7,925307;12,260298;25,795115
8,981189;4,085641;26,501675
1,7588359999999987;3,186202;25,006353
0,9448139999999974;3,011109;26,132757
1,724029999999999;2,264622;26,674267
0,44997100000000145;3,162857;26,221776
0,8700880000000009;2,819281;12,240886
-0,36574099999999987;4,151993;26,317477
2,0796829999999993;3,249079;26,87336
1,7861490000000018;2,393848;28,510551
-0,9606889999999986;4,105877;27,43509
1,1686760000000014;3,722471;25,283224
1,9701750000000011;2,589875;26,758765
1,3793289999999985;2,282228;25,77211
0,4247120000000031;2,647073;26,337186
1,3748520000000006;2,034409;25,406916
1,4399760000000015;3,140895;24,755449
1,068054;3,031597;27,123336
0,6917809999999989;3,05444;25,420684
1,2684429999999978;2,97417;27,044861
1,5022850000000005;2,180229;27,211883
0,9542920000000006;2,561507;15,160123
0,5173179999999995;2,903023;26,960214
0,6245359999999991;3,070249;26,622117
1,4354009999999988;2,786076;27,277982
1,366420999999999;2,194236;25,611918
0,027732000000000312;2,83195;24,250392
0,49792500000000217;3,113497;22,693071
-61,48997000000001;65,436553;25,824193
64,319387;2,243821;45,995983
0,6357900000000001;2,477924;21,731885
0,2055889999999998;3,027663;26,069329
1,6543610000000015;2,334172;25,557422
1,5500420000000013;2,057724;23,953884
0,19872299999999754;2,922969;20,807098
-2,1457200000000007;5,990568;24,773229
4,523282000000002;2,923969;24,05475
-0,04561000000000348;3,779793;25,634512
1,5424710000000026;3,003386;25,718165
1,8344789999999982;2,110856;26,479376
-0,15628199999999737;2,962872;23,559965
0,8150700000000022;2,316039;13,669286
-0,12106599999999901;3,165655;27,476481
0,7432310000000015;3,248209;25,42749
1,6737890000000029;3,013615;27,824291
0,9186760000000014;3,070334;27,856142
0,775577000000002;3,154559;25,197878
0,6154840000000021;3,339807;22,360055
0,14418699999999873;3,988282;25,621376
1,013846000000001;3,85187;25,731645
0,3327619999999989;4,388838;24,307873
1,4521830000000016;3,866174;26,013626
1,7384030000000017;2,98022;25,53513
-0,6617549999999994;4,494028;25,639754
2,532460999999998;2,784375;25,914712
0,5178890000000003;3,073611;24,918631
0,2503840000000004;3,627744;25,180796
1,5415030000000023;2,93179;24,767207
2,240639999999999;2,331261;14,051018
0,8431079999999995;1,998668;2,246926
-0,49676799999999943;3,174577;25,047984
1,2800930000000008;2,807066;26,102156
0,5594579999999993;3,093918;25,182579
1,7734260000000006;2,855796;26,056596
0,8857329999999983;2,850316;27,034545
1,598234999999999;1,943184;24,341294
0,5186020000000013;2,921377;25,676816
0,4608490000000032;3,230493;25,326406
0,8994199999999992;3,118369;24,370196
1,5286779999999993;2,361961;24,607301
0,7750440000000012;2,978973;24,798235
1,5122399999999985;2,923334;24,183978
0,5797290000000004;3,055146;24,657788
0,7180929999999996;3,084966;26,303624
0,04155100000000189;3,82622;25,043115
2,0049240000000026;3,600199;16,170246
2,703804999999999;2,800807;27,728897
-0,8545619999999978;4,448402;27,592763
1,0277560000000001;4,203568;25,240479
1,8491800000000005;3,171148;25,71641
0,8703569999999985;3,029767;12,129998
1,2897120000000015;2,546477;24,109992
0,4484160000000017;3,39173;21,380109
1,4845999999999968;3,354544;25,071847
2,3091779999999993;1,814133;27,274778
-1,757981000000001;4,197331;21,129058
2,6661099999999998;3,053226;27,133657
0,7073889999999992;3,308101;23,649167
1,5768869999999993;3,161999;24,792285
1,6176429999999975;2,909759;25,424533
0,30553700000000106;3,4238;24,748703
1,2701840000000004;2,915211;24,667857
0,6015060000000005;3,118102;25,308258
2,6775040000000025;2,60289;25,86965
1,3841470000000005;1,900646;10,011338
-0,43089700000000164;3,0278;23,31848
0,5051120000000004;3,384975;25,932489
0,6462859999999999;3,692275;24,972431
1,5161599999999993;3,077562;24,976767
0,9207750000000026;2,086211;24,168221
-0,6674499999999952;3,582536;33,907753
1,3137329999999992;3,104691;25,816544
0,07018599999999964;3,959465;24,667167
1,6919879999999985;3,02617;24,787827
0,5371159999999975;3,369706;24,828797
0,5507139999999993;3,584368;26,25264
1,0916569999999979;3,240009;24,03293
-0,021264999999996093;4,136258;25,290902
1,4201130000000006;3,544317;24,690449
1,322541000000001;3,07807;24,877463
0,22785400000000067;3,538218;22,477821
1,8356850000000016;2,602216;26,603758
0,799468000000001;3,176232;23,992436
1,0567010000000003;2,949604;25,031799
1,3159290000000006;2,607401;28,550748
-0,6194970000000026;4,347614;27,413699
0,7706480000000013;2,357022;15,47082
-19,158780999999998;22,430203;27,440528
20,523893999999995;2,998057;25,630908
1,1599850000000025;2,729366;26,121439
0,9682080000000006;2,675056;25,794434
0,8133320000000026;3,396528;24,566404
1,2326329999999999;2,94637;25,341139
0,3356560000000002;3,3159;24,673413
1,0960850000000022;3,052389;28,481757
0,37260100000000307;3,523874;26,674694
1,3270279999999985;3,035298;24,908905
0,9413850000000001;2,706888;1,110212
-0,36156999999999684;3,900574;29,103337
0,9935189999999992;3,721543;25,073571
0,7414290000000001;4,562501;24,67248
2,6051730000000006;2,857931;25,610795
0,6115819999999985;3,084723;24,617467
0,265072;3,72552;26,829283
1,018228999999998;3,492093;27,06297
1,1308630000000015;3,1596;25,360732
0,7311690000000013;3,256136;24,71729
0,9330410000000029;3,163535;28,170002
0,5896679999999996;3,390926;24,875999
1,577213999999998;2,66366;26,195122
1,4949210000000015;1,995289;26,024355
-0,5755499999999962;3,19147;21,673294
1,6262390000000018;2,425102;24,755155
0,5021500000000003;2,812797;25,941613
1,216144000000007;2,35603;36,014613
1,5206109999999953;1,705532;24,765288
-0,30913400000000024;2,855627;22,687216
0,9732430000000001;2,960111;24,739129
1,4837170000000022;2,412692;26,296124
0,5451689999999978;3,082111;20,943043
0,42574300000000065;3,866729;24,663065
0,8509690000000028;2,20002;21,155337
-1,708549999999999;4,638301;31,63538
2,2622;3,099446;26,080586
0,8020209999999999;3,122782;26,637672
1,7090539999999983;2,290096;26,292866
-0,1302410000000016;3,177183;22,787621
0,7600109999999987;3,189098;25,219437
0,8143250000000002;3,305609;25,552827
0,8918720000000003;2,084465;0,702773
-0,2028540000000021;3,065565;26,359684
0,8858280000000001;2,884939;24,589813
0,6524050000000017;3,095208;25,803942
0,5673770000000005;3,333691;24,220729
1,177588;3,018908;26,44818
0,398142;3,378506;24,413637
2,0064499999999974;2,361108;24,978821
-0,07738999999999763;3,164677;24,138757
0,5762020000000021;3,517443;25,731498
1,3460070000000037;2,997406;24,762171
0,12402200000000008;3,618215;24,383643
1,5203090000000046;2,986796;27,766197
0,6559500000000007;3,248273;25,889622
1,0402310000000021;2,982082;25,185881
0,4408759999999994;3,342933;25,556881
0,8874689999999994;3,170174;22,654378
1,5402270000000016;2,418494;24,162578
0,3716750000000033;3,33701;21,279901
-0,45275000000000176;4,771272;25,138366
2,245716999999999;3,398479;25,230112
2,4205439999999996;1,86874;26,481318
-1,0433939999999993;3,59743;23,146055
1,3979779999999984;3,092099;26,602744
-0,36321200000000076;4,34189;25,065605
2,2603609999999996;2,891124;25,031268
0,18404100000000057;3,536479;24,477528
1,72832;2,680226;25,592708
-1,6505159999999997;5,268922;22,341021
3,618171999999994;2,596125;25,954903
0,545535000000001;3,129821;25,276798
1,3345400000000005;3,208855;26,022838
0,6511169999999957;3,333808;25,691818
1,3965089999999982;2,855401;27,28302
0,10920700000000139;3,596224;24,868187
2,511430999999998;2,078163;25,339309
-0,2555589999999981;3,214979;23,578939
0,8415729999999968;3,218219;26,520962
1,1017300000000034;3,250399;26,614537
-1,244009000000002;5,347712;27,31605
3,2842210000000023;2,891591;24,551333
0,8374440000000014;2,928126;26,468458
1,2471439999999987;2,476713;25,25617
-0,42831699999999984;3,774969;26,395747
